SA0099_1.jpg,1
SA0099_2.jpg,2
SA0099_3.jpg,2
ES0611_1.jpg,1
ES0611_2.jpg,2
ES0611_3.jpg,2
ES0611_4.jpg,2
ES0611_5.jpg,2
ES0611_6.jpg,2
ES0611_7.jpg,2
ES0611_8.jpg,2
ES0611_9.jpg,2
ES0611_10.jpg,2
ES0611_11.jpg,2
ES0611_12.jpg,2
ES0611_13.jpg,2
ES0611_14.jpg,2
ES0611_15.jpg,2
ES0611_16.jpg,2
ES0611_17.jpg,2
ES0611_18.jpg,2
ES0612_1.jpg,1
ES0612_2.jpg,2
ES0612_3.jpg,2
ES0612_4.jpg,2
ES0612_5.jpg,2
ES0612_6.jpg,2
ES0612_7.jpg,2
ES0612_8.jpg,2
ES0612_9.jpg,2
ES0612_10.jpg,2
ES0612_11.jpg,2
ES0612_12.jpg,2
ES0612_13.jpg,2
ES0612_14.jpg,2
ES0612_15.jpg,2
ES0612_16.jpg,2
ES0612_17.jpg,2
ES0612_18.jpg,2
ES0612_19.jpg,2
ES0612_20.jpg,2
ES0612_21.jpg,2
ES0613_1.jpg,1
ES0613_2.jpg,2
ES0613_3.jpg,2
ES0613_4.jpg,2
ES0613_5.jpg,2
ES0613_6.jpg,2
ES0613_7.jpg,2
ES0613_8.jpg,2
ES0613_9.jpg,2
ES0613_10.jpg,2
ES0613_11.jpg,2
ES0613_12.jpg,2
ES0613_13.jpg,2
ES0613_14.jpg,2
ES0613_15.jpg,2
ES0614_1.jpg,1
ES0614_2.jpg,2
ES0614_3.jpg,2
ES0614_4.jpg,2
ES0614_5.jpg,2
ES0614_6.jpg,2
ES0614_7.jpg,2
ES0614_8.jpg,2
ES0614_9.jpg,2
ES0614_10.jpg,2
ES0614_11.jpg,2
ES0614_12.jpg,2
ES0614_13.jpg,2
ES0614_14.jpg,2
ES0614_15.jpg,2
ES0614_16.jpg,2
ES0614_17.jpg,2
ES0614_18.jpg,2
ES0615_1.jpg,1
ES0615_2.jpg,2
ES0615_3.jpg,2
ES0615_4.jpg,2
ES0615_5.jpg,2
ES0615_6.jpg,2
ES0615_7.jpg,2
ES0615_8.jpg,2
ES0615_9.jpg,2
ES0615_10.jpg,2
ES0615_11.jpg,2
ES0615_12.jpg,2
ES0615_13.jpg,2
ES0615_14.jpg,2
ES0615_15.jpg,2
ES0615_16.jpg,2
ES0615_17.jpg,2
ES0615_18.jpg,2
ES0615_19.jpg,2
ES0615_20.jpg,2
ES0615_21.jpg,2
ES0616_1.jpg,1
ES0616_2.jpg,2
ES0616_3.jpg,2
ES0616_4.jpg,2
ES0616_5.jpg,2
ES0616_6.jpg,2
ES0616_7.jpg,2
ES0616_8.jpg,2
ES0616_9.jpg,2
ES0616_10.jpg,2
ES0616_11.jpg,2
ES0616_12.jpg,2
ES0616_13.jpg,2
ES0616_14.jpg,2
ES0616_15.jpg,2
ES0616_16.jpg,2
ES0616_17.jpg,2
ES0616_18.jpg,2
ES0617_1.jpg,1
ES0617_2.jpg,2
ES0617_3.jpg,2
ES0617_4.jpg,2
ES0617_5.jpg,2
ES0617_6.jpg,2
ES0617_7.jpg,2
ES0617_8.jpg,2
ES0617_9.jpg,2
ES0617_10.jpg,2
ES0617_11.jpg,2
ES0617_12.jpg,2
ES0618_1.jpg,1
ES0618_2.jpg,2
ES0618_3.jpg,2
ES0618_4.jpg,2
ES0618_5.jpg,2
ES0618_6.jpg,2
ES0618_7.jpg,2
ES0618_8.jpg,2
ES0618_9.jpg,2
ES0618_10.jpg,2
ES0618_11.jpg,2
ES0618_12.jpg,2
ES0618_13.jpg,2
ES0618_14.jpg,2
ES0619_1.jpg,1
ES0619_2.jpg,2
ES0619_3.jpg,2
ES0619_4.jpg,2
ES0619_5.jpg,2
ES0619_6.jpg,2
ES0619_7.jpg,2
ES0619_8.jpg,2
ES0619_9.jpg,2
ES0619_10.jpg,2
ES0619_11.jpg,2
ES0619_12.jpg,2
ES0619_13.jpg,2
ES0619_14.jpg,2
ES0619_15.jpg,2
ES0619_16.jpg,2
ES0619_17.jpg,2
ES0619_18.jpg,2
ES0619_19.jpg,2
ES0619_20.jpg,2
ES0619_21.jpg,2
ES0620_1.jpg,1
ES0620_2.jpg,2
ES0620_3.jpg,2
ES0620_4.jpg,2
ES0620_5.jpg,2
ES0620_6.jpg,2
ES0620_7.jpg,2
ES0620_8.jpg,2
ES0620_9.jpg,2
ES0620_10.jpg,2
ES0620_11.jpg,2
ES0620_12.jpg,2
ES0620_13.jpg,2
ES0620_14.jpg,2
ES0620_15.jpg,2
ES0620_16.jpg,2
ES0620_17.jpg,2
ES0620_18.jpg,2
ES0621_1.jpg,1
ES0621_2.jpg,2
ES0621_3.jpg,2
ES0621_4.jpg,2
ES0621_5.jpg,2
ES0621_6.jpg,2
ES0621_7.jpg,2
ES0621_8.jpg,2
ES0621_9.jpg,2
ES0622_1.jpg,1
ES0622_2.jpg,2
ES0622_3.jpg,2
ES0622_4.jpg,2
ES0622_5.jpg,2
ES0622_6.jpg,2
ES0622_7.jpg,2
ES0622_8.jpg,2
ES0622_9.jpg,2
ES0622_10.jpg,2
ES0622_11.jpg,2
ES0622_12.jpg,2
ES0622_13.jpg,2
ES0622_14.jpg,2
ES0622_15.jpg,2
ES0623_1.jpg,1
ES0623_2.jpg,2
ES0623_3.jpg,2
ES0623_4.jpg,2
ES0623_5.jpg,2
ES0623_6.jpg,2
ES0623_7.jpg,2
ES0623_8.jpg,2
ES0623_9.jpg,2
ES0623_10.jpg,2
ES0623_11.jpg,2
ES0623_12.jpg,2
ES0623_13.jpg,2
ES0623_14.jpg,2
ES0623_15.jpg,2
ES0624_1.jpg,1
ES0624_2.jpg,2
ES0624_3.jpg,2
ES0624_4.jpg,2
ES0624_5.jpg,2
ES0624_6.jpg,2
ES0624_7.jpg,2
ES0624_8.jpg,2
ES0624_9.jpg,2
ES0624_10.jpg,2
ES0624_11.jpg,2
ES0624_12.jpg,2
ES0624_13.jpg,2
ES0624_14.jpg,2
ES0624_15.jpg,2
ES0624_16.jpg,2
ES0624_17.jpg,2
ES0624_18.jpg,2
ES0624_19.jpg,2
ES0624_20.jpg,2
ES0624_21.jpg,2
ES0624_22.jpg,2
ES0624_23.jpg,2
ES0624_24.jpg,2
ES0625_1.jpg,1
ES0625_2.jpg,2
ES0625_3.jpg,2
ES0625_4.jpg,2
ES0625_5.jpg,2
ES0625_6.jpg,2
ES0625_7.jpg,2
ES0625_8.jpg,2
ES0625_9.jpg,2
ES0625_10.jpg,2
ES0625_11.jpg,2
ES0625_12.jpg,2
ES0625_13.jpg,2
ES0625_14.jpg,2
ES0625_15.jpg,2
ES0626_1.jpg,1
ES0626_2.jpg,2
ES0626_3.jpg,2
ES0626_4.jpg,2
ES0626_5.jpg,2
ES0626_6.jpg,2
ES0626_7.jpg,2
ES0626_8.jpg,2
ES0626_9.jpg,2
ES0626_10.jpg,2
ES0626_11.jpg,2
ES0626_12.jpg,2
ES0626_13.jpg,2
ES0626_14.jpg,2
ES0626_15.jpg,2
ES0626_16.jpg,2
ES0626_17.jpg,2
ES0626_18.jpg,2
ES0627_1.jpg,1
ES0627_2.jpg,2
ES0627_3.jpg,2
ES0627_4.jpg,2
ES0627_5.jpg,2
ES0627_6.jpg,2
ES0627_7.jpg,2
ES0627_8.jpg,2
ES0627_9.jpg,2
ES0627_10.jpg,2
ES0627_11.jpg,2
ES0627_12.jpg,2
ES0627_13.jpg,2
ES0627_14.jpg,2
ES0627_15.jpg,2
ES0627_16.jpg,2
ES0627_17.jpg,2
ES0627_18.jpg,2
ES0628_1.jpg,1
ES0628_2.jpg,2
ES0628_3.jpg,2
ES0628_4.jpg,2
ES0628_5.jpg,2
ES0628_6.jpg,2
ES0628_7.jpg,2
ES0628_8.jpg,2
ES0628_9.jpg,2
ES0628_10.jpg,2
ES0628_11.jpg,2
ES0628_12.jpg,2
ES0628_13.jpg,2
ES0628_14.jpg,2
ES0628_15.jpg,2
ES0629_1.jpg,1
ES0629_2.jpg,2
ES0629_3.jpg,2
ES0629_4.jpg,2
ES0629_5.jpg,2
ES0629_6.jpg,2
ES0629_7.jpg,2
ES0629_8.jpg,2
ES0629_9.jpg,2
ES0629_10.jpg,2
ES0629_11.jpg,2
ES0629_12.jpg,2
ES0629_13.jpg,2
ES0629_14.jpg,2
ES0629_15.jpg,2
ES0629_16.jpg,2
ES0629_17.jpg,2
ES0629_18.jpg,2
ES0630_1.jpg,1
ES0630_2.jpg,2
ES0630_3.jpg,2
ES0630_4.jpg,2
ES0630_5.jpg,2
ES0630_6.jpg,2
ES0630_7.jpg,2
ES0630_8.jpg,2
ES0630_9.jpg,2
ES0630_10.jpg,2
ES0630_11.jpg,2
ES0630_12.jpg,2
ES0630_13.jpg,2
ES0630_14.jpg,2
ES0630_15.jpg,2
ES0630_16.jpg,2
ES0630_17.jpg,2
ES0630_18.jpg,2
ES0631_1.jpg,1
ES0631_2.jpg,2
ES0631_3.jpg,2
ES0631_4.jpg,2
ES0631_5.jpg,2
ES0631_6.jpg,2
ES0631_7.jpg,2
ES0631_8.jpg,2
ES0631_9.jpg,2
ES0631_10.jpg,2
ES0631_11.jpg,2
ES0631_12.jpg,2
ES0631_13.jpg,2
ES0631_14.jpg,2
ES0631_15.jpg,2
ES0632_1.jpg,1
ES0632_2.jpg,2
ES0632_3.jpg,2
ES0632_4.jpg,2
ES0632_5.jpg,2
ES0632_6.jpg,2
ES0632_7.jpg,2
ES0632_8.jpg,2
ES0632_9.jpg,2
ES0632_10.jpg,2
ES0632_11.jpg,2
ES0632_12.jpg,2
ES0632_13.jpg,2
ES0632_14.jpg,2
ES0632_15.jpg,2
ES0632_16.jpg,2
ES0632_17.jpg,2
ES0632_18.jpg,2
ES0632_19.jpg,2
ES0632_20.jpg,2
ES0632_21.jpg,2
ES0633_1.jpg,1
ES0633_2.jpg,2
ES0633_3.jpg,2
ES0633_4.jpg,2
ES0633_5.jpg,2
ES0633_6.jpg,2
ES0633_7.jpg,2
ES0633_8.jpg,2
ES0633_9.jpg,2
ES0633_10.jpg,2
ES0633_11.jpg,2
ES0633_12.jpg,2
ES0633_13.jpg,2
ES0634_1.jpg,1
ES0634_2.jpg,2
ES0634_3.jpg,2
ES0634_4.jpg,2
ES0634_5.jpg,2
ES0634_6.jpg,2
ES0634_7.jpg,2
ES0634_8.jpg,2
ES0634_9.jpg,2
ES0634_10.jpg,2
ES0634_11.jpg,2
ES0634_12.jpg,2
ES0634_13.jpg,2
ES0634_14.jpg,2
ES0634_15.jpg,2
ES0634_16.jpg,2
ES0634_17.jpg,2
ES0634_18.jpg,2
ES0635_1.jpg,1
ES0635_2.jpg,2
ES0635_3.jpg,2
ES0635_4.jpg,2
ES0635_5.jpg,2
ES0635_6.jpg,2
ES0635_7.jpg,2
ES0635_8.jpg,2
ES0635_9.jpg,2
ES0635_10.jpg,2
ES0635_11.jpg,2
ES0635_12.jpg,2
ES0635_13.jpg,2
ES0635_14.jpg,2
ES0635_15.jpg,2
ES0635_16.jpg,2
ES0635_17.jpg,2
ES0635_18.jpg,2
ES0635_19.jpg,2
ES0635_20.jpg,2
ES0636_1.jpg,1
ES0636_2.jpg,2
ES0636_3.jpg,2
ES0636_4.jpg,2
ES0636_5.jpg,2
ES0636_6.jpg,2
ES0636_7.jpg,2
ES0636_8.jpg,2
ES0636_9.jpg,2
ES0636_10.jpg,2
ES0636_11.jpg,2
ES0636_12.jpg,2
ES0636_13.jpg,2
ES0636_14.jpg,2
ES0636_15.jpg,2
ES0637_1.jpg,1
ES0637_2.jpg,2
ES0637_3.jpg,2
ES0637_4.jpg,2
ES0637_5.jpg,2
ES0637_6.jpg,2
ES0637_7.jpg,2
ES0637_8.jpg,2
ES0637_9.jpg,2
ES0637_10.jpg,2
ES0637_11.jpg,2
ES0637_12.jpg,2
ES0637_13.jpg,2
ES0637_14.jpg,2
ES0637_15.jpg,2
ES0637_16.jpg,2
ES0637_17.jpg,2
ES0637_18.jpg,2
ES0637_19.jpg,2
ES0637_20.jpg,2
ES0637_21.jpg,2
ES0637_22.jpg,2
ES0637_23.jpg,2
ES0637_24.jpg,2
ES0637_25.jpg,2
ES0637_26.jpg,2
ES0637_27.jpg,2
ES0638_1.jpg,1
ES0638_2.jpg,2
ES0638_3.jpg,2
ES0638_4.jpg,2
ES0638_5.jpg,2
ES0638_6.jpg,2
ES0638_7.jpg,2
ES0638_8.jpg,2
ES0638_9.jpg,2
ES0638_10.jpg,2
ES0638_11.jpg,2
ES0638_12.jpg,2
ES0638_13.jpg,2
ES0638_14.jpg,2
ES0638_15.jpg,2
ES0638_16.jpg,2
ES0638_17.jpg,2
ES0638_18.jpg,2
ES0638_19.jpg,2
ES0638_20.jpg,2
ES0638_21.jpg,2
TE0315_1.jpg,1
TE0315_2.jpg,2
TE0315_3.jpg,2
TE0315_4.jpg,2
TE0315_5.jpg,2
TE0315_6.jpg,2
TE0315_7.jpg,2
TE0315_8.jpg,2
TE0315_9.jpg,2
TE0315_10.jpg,2
TE0315_11.jpg,2
TE0315_12.jpg,2
TE0315_13.jpg,2
TE0315_14.jpg,2
TE0270_1.jpg,1
TE0270_2.jpg,2
TE0270_3.jpg,2
TE0270_4.jpg,2
TE0270_5.jpg,2
TE0270_6.jpg,2
TE0270_7.jpg,2
TE0270_8.jpg,2
TE0270_9.jpg,2
TE0270_10.jpg,2
TE0270_11.jpg,2
TE0270_12.jpg,2
TE0270_13.jpg,2
TE0270_14.jpg,2
TE0270_15.jpg,2
TE0270_16.jpg,2
TE0270_17.jpg,2
TE0270_18.jpg,2
TE0270_19.jpg,2
TE0270_20.jpg,2
TE0270_21.jpg,2
VI0160_1.jpg,1
VI0160_2.jpg,2
VI0160_3.jpg,2
VI0160_4.jpg,2
VI0160_5.jpg,2
VI0160_6.jpg,2
VI0160_7.jpg,2
VI0160_8.jpg,2
VI0160_9.jpg,2
VI0160_10.jpg,2
VI0160_11.jpg,2
VI0160_12.jpg,2
VI0160_13.jpg,2
BO0190_1.jpg,1
BO0190_2.jpg,2
BO0190_3.jpg,2
BO0190_4.jpg,2
BO0190_5.jpg,2
BO0190_6.jpg,2
BO0190_7.jpg,2
BO0190_8.jpg,2
BO0190_9.jpg,2
BO0190_10.jpg,2
BO0190_11.jpg,2
BO0190_12.jpg,2
BO0190_13.jpg,2
BO0190_14.jpg,2
BO0190_15.jpg,2
BO0190_16.jpg,2
BO0190_17.jpg,2
BO0190_18.jpg,2
VI0161_1.jpg,1
VI0161_2.jpg,2
VI0161_3.jpg,2
VI0161_4.jpg,2
VI0161_5.jpg,2
VI0161_6.jpg,2
VI0161_7.jpg,2
VI0161_8.jpg,2
VI0161_9.jpg,2
VI0161_10.jpg,2
VI0161_11.jpg,2
VI0161_12.jpg,2
VI0161_13.jpg,2
VI0161_14.jpg,2
VI0161_15.jpg,2
VI0161_16.jpg,2
VI0161_17.jpg,2
VI0161_18.jpg,2
VI0161_19.jpg,2
VI0161_20.jpg,2
VI0161_21.jpg,2
VI0161_22.jpg,2
VI0161_23.jpg,2
VI0161_24.jpg,2
HO0282_1.jpg,1
HO0282_2.jpg,2
HO0282_3.jpg,2
HO0282_4.jpg,2
HO0282_5.jpg,2
HO0282_6.jpg,2
HO0282_7.jpg,2
HO0282_8.jpg,2
HO0282_9.jpg,2
HO0282_10.jpg,2
HO0282_11.jpg,2
HO0282_12.jpg,2
HO0282_13.jpg,2
HE0206_1.jpg,1
HE0206_2.jpg,2
HE0206_3.jpg,2
HE0206_4.jpg,2
HE0206_5.jpg,2
HE0206_6.jpg,2
HE0206_7.jpg,2
HE0206_8.jpg,2
HE0206_9.jpg,2
HE0206_10.jpg,2
HE0206_11.jpg,2
HE0206_12.jpg,2
SA0197_1.jpg,1
SA0197_2.jpg,2
SA0197_3.jpg,2
SA0197_4.jpg,2
SA0197_5.jpg,2
SA0197_6.jpg,2
SA0197_7.jpg,2
SA0197_8.jpg,2
SA0197_9.jpg,2
SA0197_10.jpg,2
SA0197_11.jpg,2
SA0197_12.jpg,2
SA0197_13.jpg,2
SA0197_14.jpg,2
SA0197_15.jpg,2
SA0197_16.jpg,2
SA0197_17.jpg,2
OF0437_1.jpg,1
OF0437_2.jpg,2
OF0437_3.jpg,2
OF0437_4.jpg,2
OF0437_5.jpg,2
OF0437_6.jpg,2
OF0437_7.jpg,2
OF0437_8.jpg,2
OF0437_9.jpg,2
OF0437_10.jpg,2
OF0437_11.jpg,2
OF0437_12.jpg,2
OF0437_13.jpg,2
OF0437_14.jpg,2
OF0437_15.jpg,2
OF0437_16.jpg,2
OF0437_17.jpg,2
OF0437_18.jpg,2
OF0437_19.jpg,2
OF0437_20.jpg,2
OF0437_21.jpg,2
TE0271_1.jpg,1
TE0271_2.jpg,2
TE0271_3.jpg,2
TE0271_4.jpg,2
TE0271_5.jpg,2
TE0271_6.jpg,2
TE0271_7.jpg,2
TE0271_8.jpg,2
TE0271_9.jpg,2
TE0271_10.jpg,2
TE0271_11.jpg,2
TE0271_12.jpg,2
TE0271_13.jpg,2
TE0271_14.jpg,2
TE0271_15.jpg,2
TE0271_16.jpg,2
TE0271_17.jpg,2
TE0271_18.jpg,2
TE0271_19.jpg,2
TE0271_20.jpg,2
TE0271_21.jpg,2
TE0272_1.jpg,1
TE0272_2.jpg,2
TE0272_3.jpg,2
TE0272_4.jpg,2
TE0272_5.jpg,2
TE0272_6.jpg,2
TE0272_7.jpg,2
TE0272_8.jpg,2
TE0272_9.jpg,2
TE0272_10.jpg,2
TE0272_11.jpg,2
TE0272_12.jpg,2
TE0272_13.jpg,2
TE0272_14.jpg,2
TE0272_15.jpg,2
TE0272_16.jpg,2
TE0272_17.jpg,2
TE0272_18.jpg,2
HO0274_1.jpg,1
HO0274_2.jpg,2
HO0274_3.jpg,2
HO0274_4.jpg,2
HO0274_5.jpg,2
HO0274_6.jpg,2
HO0274_7.jpg,2
HO0274_8.jpg,2
HO0274_9.jpg,2
HO0274_10.jpg,2
HO0274_11.jpg,2
HO0274_12.jpg,2
HO0274_13.jpg,2
HE0207_1.jpg,1
HE0207_2.jpg,2
HE0207_3.jpg,2
HE0207_4.jpg,2
HE0207_5.jpg,2
HE0207_6.jpg,2
HE0207_7.jpg,2
HE0207_8.jpg,2
HE0207_9.jpg,2
HE0207_10.jpg,2
HE0207_11.jpg,2
HE0207_12.jpg,2
HE0207_13.jpg,2
TE0273_1.jpg,1
TE0273_2.jpg,2
TE0273_3.jpg,2
TE0273_4.jpg,2
TE0273_5.jpg,2
TE0273_6.jpg,2
TE0273_7.jpg,2
TE0273_8.jpg,2
TE0273_9.jpg,2
TE0273_10.jpg,2
TE0273_11.jpg,2
TE0273_12.jpg,2
TE0273_13.jpg,2
TE0273_14.jpg,2
TE0273_15.jpg,2
TE0273_16.jpg,2
TE0273_17.jpg,2
TE0273_18.jpg,2
TE0273_19.jpg,2
TE0273_20.jpg,2
TE0273_21.jpg,2
TE0273_22.jpg,2
TE0274_1.jpg,1
TE0274_2.jpg,2
TE0274_3.jpg,2
TE0274_4.jpg,2
TE0274_5.jpg,2
TE0274_6.jpg,2
TE0274_7.jpg,2
TE0274_8.jpg,2
TE0274_9.jpg,2
TE0274_10.jpg,2
TE0274_11.jpg,2
TE0274_12.jpg,2
TE0274_13.jpg,2
TE0274_14.jpg,2
TE0274_15.jpg,2
TE0274_16.jpg,2
TE0274_17.jpg,2
HO0275_1.jpg,1
HO0275_2.jpg,2
HO0275_3.jpg,2
HO0275_4.jpg,2
HO0275_5.jpg,2
HO0275_6.jpg,2
HO0275_7.jpg,2
HO0275_8.jpg,2
HO0275_9.jpg,2
HO0275_10.jpg,2
HO0275_11.jpg,2
HO0275_12.jpg,2
HO0275_13.jpg,2
HO0275_14.jpg,2
VI0162_1.jpg,1
VI0162_2.jpg,2
VI0162_3.jpg,2
VI0162_4.jpg,2
VI0162_5.jpg,2
VI0162_6.jpg,2
VI0162_7.jpg,2
VI0162_8.jpg,2
VI0162_9.jpg,2
VI0162_10.jpg,2
VI0162_11.jpg,2
VI0162_12.jpg,2
VI0162_13.jpg,2
HE0208_1.jpg,1
HE0208_2.jpg,2
HE0208_3.jpg,2
HE0208_4.jpg,2
HE0208_5.jpg,2
HE0208_6.jpg,2
HE0208_7.jpg,2
HE0208_8.jpg,2
HE0208_9.jpg,2
HE0208_10.jpg,2
HE0208_11.jpg,2
HE0208_12.jpg,2
HE0208_13.jpg,2
HE0208_14.jpg,2
HE0208_15.jpg,2
HE0208_16.jpg,2
HE0208_17.jpg,2
HE0208_18.jpg,2
VI0174_1.jpg,1
VI0174_2.jpg,2
VI0174_3.jpg,2
VI0174_4.jpg,2
VI0174_5.jpg,2
VI0174_6.jpg,2
VI0174_7.jpg,2
VI0174_8.jpg,2
VI0174_9.jpg,2
VI0174_10.jpg,2
VI0174_11.jpg,2
VI0174_12.jpg,2
VI0174_13.jpg,2
VI0174_14.jpg,2
VI0174_15.jpg,2
VI0174_16.jpg,2
VI0174_17.jpg,2
TE0276_1.jpg,1
TE0276_2.jpg,2
TE0276_3.jpg,2
TE0276_4.jpg,2
TE0276_5.jpg,2
TE0276_6.jpg,2
TE0276_7.jpg,2
TE0276_8.jpg,2
TE0276_9.jpg,2
TE0276_10.jpg,2
TE0276_11.jpg,2
TE0276_12.jpg,2
TE0276_13.jpg,2
TE0276_14.jpg,2
TE0276_15.jpg,2
TE0276_16.jpg,2
TE0276_17.jpg,2
TE0276_18.jpg,2
VI0175_1.jpg,1
VI0175_2.jpg,2
VI0175_3.jpg,2
VI0175_4.jpg,2
VI0175_5.jpg,2
VI0175_6.jpg,2
VI0175_7.jpg,2
VI0175_8.jpg,2
VI0175_9.jpg,2
VI0175_10.jpg,2
VI0175_11.jpg,2
VI0175_12.jpg,2
VI0175_13.jpg,2
VI0175_14.jpg,2
VI0175_15.jpg,2
VI0175_16.jpg,2
VI0175_17.jpg,2
VI0175_18.jpg,2
VI0175_19.jpg,2
VI0175_20.jpg,2
VI0175_21.jpg,2
TE0278_1.jpg,1
TE0278_2.jpg,2
TE0278_3.jpg,2
TE0278_4.jpg,2
TE0278_5.jpg,2
TE0278_6.jpg,2
TE0278_7.jpg,2
TE0278_8.jpg,2
TE0278_9.jpg,2
TE0278_10.jpg,2
TE0278_11.jpg,2
TE0278_12.jpg,2
TE0278_13.jpg,2
TE0278_14.jpg,2
TE0278_15.jpg,2
TE0278_16.jpg,2
TE0278_17.jpg,2
TE0278_18.jpg,2
TE0278_19.jpg,2
TE0278_20.jpg,2
TE0278_21.jpg,2
TE0278_22.jpg,2
TE0278_23.jpg,2
TE0278_24.jpg,2
TE0278_25.jpg,2
HE0209_1.jpg,1
HE0209_2.jpg,2
HE0209_3.jpg,2
HE0209_4.jpg,2
HE0209_5.jpg,2
HE0209_6.jpg,2
HE0209_7.jpg,2
HE0209_8.jpg,2
HE0209_9.jpg,2
HE0209_10.jpg,2
HE0209_11.jpg,2
HE0209_12.jpg,2
HE0209_13.jpg,2
VI0163_1.jpg,1
VI0163_2.jpg,2
VI0163_3.jpg,2
VI0163_4.jpg,2
VI0163_5.jpg,2
VI0163_6.jpg,2
VI0163_7.jpg,2
VI0163_8.jpg,2
VI0163_9.jpg,2
VI0163_10.jpg,2
VI0163_11.jpg,2
TE0279_1.jpg,1
TE0279_2.jpg,2
TE0279_3.jpg,2
TE0279_4.jpg,2
TE0279_5.jpg,2
TE0279_6.jpg,2
TE0279_7.jpg,2
TE0279_8.jpg,2
TE0279_9.jpg,2
TE0279_10.jpg,2
TE0279_11.jpg,2
TE0279_12.jpg,2
TE0279_13.jpg,2
TE0279_14.jpg,2
TE0279_15.jpg,2
TE0279_16.jpg,2
TE0279_17.jpg,2
TE0279_18.jpg,2
TE0279_19.jpg,2
TE0279_20.jpg,2
TE0279_21.jpg,2
TE0279_22.jpg,2
TE0279_23.jpg,2
TE0279_24.jpg,2
TE0279_25.jpg,2
TE0280_1.jpg,1
TE0280_2.jpg,2
TE0280_3.jpg,2
TE0280_4.jpg,2
TE0280_5.jpg,2
TE0280_6.jpg,2
TE0280_7.jpg,2
TE0280_8.jpg,2
TE0280_9.jpg,2
TE0280_10.jpg,2
TE0280_11.jpg,2
TE0280_12.jpg,2
TE0280_13.jpg,2
TE0280_14.jpg,2
TE0280_15.jpg,2
TE0280_16.jpg,2
TE0280_17.jpg,2
TE0280_18.jpg,2
TE0280_19.jpg,2
TE0280_20.jpg,2
TE0280_21.jpg,2
TE0280_22.jpg,2
TE0280_23.jpg,2
TE0280_24.jpg,2
TE0280_25.jpg,2
TE0280_26.jpg,2
VI0164_1.jpg,1
VI0164_2.jpg,2
VI0164_3.jpg,2
VI0164_4.jpg,2
VI0164_5.jpg,2
VI0164_6.jpg,2
VI0164_7.jpg,2
VI0164_8.jpg,2
VI0164_9.jpg,2
SA0187_1.jpg,1
SA0187_2.jpg,2
SA0187_3.jpg,2
SA0187_4.jpg,2
SA0187_5.jpg,2
SA0187_6.jpg,2
SA0187_7.jpg,2
SA0187_8.jpg,2
SA0187_9.jpg,2
SA0187_10.jpg,2
SA0187_11.jpg,2
SA0187_12.jpg,2
SA0187_13.jpg,2
SA0187_14.jpg,2
SA0187_15.jpg,2
SA0187_16.jpg,2
SA0188_1.jpg,1
SA0188_2.jpg,2
SA0188_3.jpg,2
SA0188_4.jpg,2
SA0188_5.jpg,2
SA0188_6.jpg,2
SA0188_7.jpg,2
SA0188_8.jpg,2
SA0188_9.jpg,2
SA0189_1.jpg,1
SA0189_2.jpg,2
SA0189_3.jpg,2
SA0189_4.jpg,2
SA0189_5.jpg,2
SA0189_6.jpg,2
SA0189_7.jpg,2
SA0189_8.jpg,2
HO0276_1.jpg,1
HO0276_2.jpg,2
HO0276_3.jpg,2
HO0276_4.jpg,2
HO0276_5.jpg,2
HO0276_6.jpg,2
HO0276_7.jpg,2
HO0276_8.jpg,2
HO0276_9.jpg,2
HO0276_10.jpg,2
HO0276_11.jpg,2
HO0276_12.jpg,2
HO0277_1.jpg,1
HO0277_2.jpg,2
HO0277_3.jpg,2
HO0277_4.jpg,2
HO0277_5.jpg,2
HO0277_6.jpg,2
HO0277_7.jpg,2
HO0277_8.jpg,2
HO0277_9.jpg,2
HO0277_10.jpg,2
HO0277_11.jpg,2
HO0277_12.jpg,2
HO0277_13.jpg,2
VI0165_1.jpg,1
VI0165_2.jpg,2
VI0165_3.jpg,2
VI0165_4.jpg,2
VI0165_5.jpg,2
VI0165_6.jpg,2
VI0165_7.jpg,2
VI0165_8.jpg,2
VI0165_9.jpg,2
VI0165_10.jpg,2
SA0190_1.jpg,1
SA0190_2.jpg,2
SA0190_3.jpg,2
SA0190_4.jpg,2
SA0190_5.jpg,2
SA0190_6.jpg,2
SA0190_7.jpg,2
SA0190_8.jpg,2
SA0190_9.jpg,2
SA0190_10.jpg,2
SA0190_11.jpg,2
SA0190_12.jpg,2
SA0190_13.jpg,2
SA0190_14.jpg,2
SA0190_15.jpg,2
TE0281_1.jpg,1
TE0281_2.jpg,2
TE0281_3.jpg,2
TE0281_4.jpg,2
TE0281_5.jpg,2
TE0281_6.jpg,2
TE0281_7.jpg,2
TE0281_8.jpg,2
TE0281_9.jpg,2
TE0281_10.jpg,2
TE0281_11.jpg,2
TE0281_12.jpg,2
TE0281_13.jpg,2
TE0281_14.jpg,2
TE0281_15.jpg,2
HE0210_1.jpg,1
HE0210_2.jpg,2
HE0210_3.jpg,2
HE0210_4.jpg,2
HE0210_5.jpg,2
HE0210_6.jpg,2
HE0210_7.jpg,2
HE0210_8.jpg,2
HE0210_9.jpg,2
HE0210_10.jpg,2
HE0211_1.jpg,1
HE0211_2.jpg,2
HE0211_3.jpg,2
HE0211_4.jpg,2
HE0211_5.jpg,2
HE0211_6.jpg,2
HE0211_7.jpg,2
HE0211_8.jpg,2
HE0211_9.jpg,2
HE0211_10.jpg,2
HE0211_11.jpg,2
HE0211_12.jpg,2
HE0211_13.jpg,2
HE0211_14.jpg,2
HE0211_15.jpg,2
VI0166_1.jpg,1
VI0166_2.jpg,2
VI0166_3.jpg,2
VI0166_4.jpg,2
VI0166_5.jpg,2
VI0166_6.jpg,2
VI0166_7.jpg,2
VI0166_8.jpg,2
VI0166_9.jpg,2
VI0166_10.jpg,2
VI0166_11.jpg,2
VI0166_12.jpg,2
VI0166_13.jpg,2
VI0166_14.jpg,2
OF0441_1.jpg,1
OF0441_2.jpg,2
OF0441_3.jpg,2
OF0441_4.jpg,2
OF0441_5.jpg,2
OF0441_6.jpg,2
OF0441_7.jpg,2
OF0441_8.jpg,2
OF0441_9.jpg,2
OF0441_10.jpg,2
OF0441_11.jpg,2
OF0441_12.jpg,2
OF0441_13.jpg,2
OF0441_14.jpg,2
OF0441_15.jpg,2
OF0441_16.jpg,2
OF0442_1.jpg,1
OF0442_2.jpg,2
OF0442_3.jpg,2
OF0442_4.jpg,2
OF0442_5.jpg,2
SA0191_1.jpg,1
SA0191_2.jpg,2
SA0191_3.jpg,2
SA0191_4.jpg,2
SA0191_5.jpg,2
SA0191_6.jpg,2
SA0191_7.jpg,2
SA0191_8.jpg,2
VI0168_1.jpg,1
VI0168_2.jpg,2
VI0168_3.jpg,2
VI0168_4.jpg,2
VI0168_5.jpg,2
VI0168_6.jpg,2
VI0168_7.jpg,2
VI0168_8.jpg,2
VI0168_9.jpg,2
VI0168_10.jpg,2
VI0168_11.jpg,2
VI0168_12.jpg,2
VI0168_13.jpg,2
VI0168_14.jpg,2
SA0192_1.jpg,1
SA0192_2.jpg,2
SA0192_3.jpg,2
SA0192_4.jpg,2
SA0192_5.jpg,2
SA0192_6.jpg,2
SA0192_7.jpg,2
SA0192_8.jpg,2
SA0192_9.jpg,2
SA0192_10.jpg,2
SA0192_11.jpg,2
SA0192_12.jpg,2
HO0278_1.jpg,1
HO0278_2.jpg,2
HO0278_3.jpg,2
HO0278_4.jpg,2
HO0278_5.jpg,2
HO0278_6.jpg,2
HO0278_7.jpg,2
HO0278_8.jpg,2
HO0278_9.jpg,2
HO0278_10.jpg,2
HO0278_11.jpg,2
HO0278_12.jpg,2
HO0278_13.jpg,2
HO0278_14.jpg,2
HO0278_15.jpg,2
HO0278_16.jpg,2
HO0278_17.jpg,2
HO0278_18.jpg,2
HO0278_19.jpg,2
BE0223_1.jpg,1
BE0223_2.jpg,2
BE0223_3.jpg,2
BE0223_4.jpg,2
BE0223_5.jpg,2
BE0223_6.jpg,2
BE0223_7.jpg,2
BE0223_8.jpg,2
BE0223_9.jpg,2
BE0223_10.jpg,2
BE0223_11.jpg,2
BE0223_12.jpg,2
BE0223_13.jpg,2
BE0223_14.jpg,2
BE0223_15.jpg,2
BE0223_16.jpg,2
BE0223_17.jpg,2
BE0223_18.jpg,2
SA0193_1.jpg,1
SA0193_2.jpg,2
SA0193_3.jpg,2
SA0193_4.jpg,2
SA0193_5.jpg,2
SA0193_6.jpg,2
SA0193_7.jpg,2
SA0193_8.jpg,2
SA0193_9.jpg,2
SA0193_10.jpg,2
SA0193_11.jpg,2
SA0193_12.jpg,2
SA0193_13.jpg,2
SA0193_14.jpg,2
SA0194_1.jpg,1
SA0194_2.jpg,2
SA0194_3.jpg,2
SA0194_4.jpg,2
SA0194_5.jpg,2
SA0194_6.jpg,2
SA0194_7.jpg,2
SA0194_8.jpg,2
TE0282_1.jpg,1
TE0282_2.jpg,2
TE0282_3.jpg,2
TE0282_4.jpg,2
TE0282_5.jpg,2
TE0282_6.jpg,2
TE0282_7.jpg,2
TE0282_8.jpg,2
TE0282_9.jpg,2
TE0282_10.jpg,2
TE0282_11.jpg,2
TE0282_12.jpg,2
TE0282_13.jpg,2
TE0282_14.jpg,2
TE0282_15.jpg,2
TE0282_16.jpg,2
TE0282_17.jpg,2
TE0282_18.jpg,2
TE0282_19.jpg,2
TE0282_20.jpg,2
TE0282_21.jpg,2
TE0283_1.jpg,1
TE0283_2.jpg,2
TE0283_3.jpg,2
TE0283_4.jpg,2
TE0283_5.jpg,2
TE0283_6.jpg,2
TE0283_7.jpg,2
TE0283_8.jpg,2
TE0283_9.jpg,2
TE0283_10.jpg,2
TE0283_11.jpg,2
TE0283_12.jpg,2
TE0283_13.jpg,2
TE0283_14.jpg,2
TE0283_15.jpg,2
TE0283_16.jpg,2
TE0283_17.jpg,2
TE0283_18.jpg,2
TE0283_19.jpg,2
TE0283_20.jpg,2
TE0283_21.jpg,2
TE0283_22.jpg,2
TE0283_23.jpg,2
HO0279_1.jpg,1
HO0279_2.jpg,2
HO0279_3.jpg,2
HO0279_4.jpg,2
HO0279_5.jpg,2
HO0279_6.jpg,2
HO0279_7.jpg,2
HO0279_8.jpg,2
HO0279_9.jpg,2
HO0279_10.jpg,2
HO0279_11.jpg,2
HO0279_12.jpg,2
HO0279_13.jpg,2
HO0279_14.jpg,2
HO0279_15.jpg,2
HO0279_16.jpg,2
HO0279_17.jpg,2
HO0279_18.jpg,2
ES0639_1.jpg,1
ES0639_2.jpg,2
ES0639_3.jpg,2
ES0639_4.jpg,2
ES0639_5.jpg,2
ES0639_6.jpg,2
ES0639_7.jpg,2
ES0639_8.jpg,2
ES0639_9.jpg,2
ES0639_10.jpg,2
ES0639_11.jpg,2
ES0639_12.jpg,2
ES0639_13.jpg,2
ES0639_14.jpg,2
ES0639_15.jpg,2
ES0639_16.jpg,2
ES0639_17.jpg,2
ES0639_18.jpg,2
ES0639_19.jpg,2
ES0639_20.jpg,2
ES0639_21.jpg,2
ES0639_22.jpg,2
ES0639_23.jpg,2
ES0639_24.jpg,2
VI0169_1.jpg,1
VI0169_2.jpg,2
VI0169_3.jpg,2
VI0169_4.jpg,2
VI0169_5.jpg,2
VI0169_6.jpg,2
VI0169_7.jpg,2
VI0169_8.jpg,2
VI0169_9.jpg,2
VI0169_10.jpg,2
VI0169_11.jpg,2
VI0169_12.jpg,2
VI0169_13.jpg,2
VI0169_14.jpg,2
VI0169_15.jpg,2
VI0169_16.jpg,2
VI0169_17.jpg,2
SA0195_1.jpg,1
SA0195_2.jpg,2
SA0195_3.jpg,2
SA0195_4.jpg,2
SA0195_5.jpg,2
SA0195_6.jpg,2
SA0195_7.jpg,2
SA0195_8.jpg,2
SA0195_9.jpg,2
SA0195_10.jpg,2
SA0195_11.jpg,2
SA0195_12.jpg,2
SA0195_13.jpg,2
SA0195_14.jpg,2
SA0195_15.jpg,2
SA0195_16.jpg,2
SA0195_17.jpg,2
SA0195_18.jpg,2
SA0195_19.jpg,2
SA0195_20.jpg,2
SA0195_21.jpg,2
SA0195_22.jpg,2
SA0196_1.jpg,1
SA0196_2.jpg,2
SA0196_3.jpg,2
SA0196_4.jpg,2
SA0196_5.jpg,2
SA0196_6.jpg,2
SA0196_7.jpg,2
SA0196_8.jpg,2
SA0196_9.jpg,2
SA0196_10.jpg,2
SA0196_11.jpg,2
SA0196_12.jpg,2
SA0196_13.jpg,2
SA0196_14.jpg,2
SA0196_15.jpg,2
SA0196_16.jpg,2
SA0196_17.jpg,2
SA0196_18.jpg,2
SA0196_19.jpg,2
SA0196_20.jpg,2
HO0280_1.jpg,1
HO0280_2.jpg,2
HO0280_3.jpg,2
HO0280_4.jpg,2
HO0280_5.jpg,2
HO0280_6.jpg,2
HO0280_7.jpg,2
HO0280_8.jpg,2
HO0280_9.jpg,2
HO0280_10.jpg,2
HO0280_11.jpg,2
HO0280_12.jpg,2
HO0280_13.jpg,2
OF0444_1.jpg,1
OF0444_2.jpg,2
OF0444_3.jpg,2
OF0444_4.jpg,2
OF0444_5.jpg,2
OF0444_6.jpg,2
OF0444_7.jpg,2
OF0444_8.jpg,2
OF0444_9.jpg,2
OF0444_10.jpg,2
OF0444_11.jpg,2
OF0444_12.jpg,2
OF0444_13.jpg,2
TE0323_1.jpg,1
TE0323_2.jpg,2
TE0323_3.jpg,2
TE0323_4.jpg,2
TE0323_5.jpg,2
TE0323_6.jpg,2
TE0323_7.jpg,2
TE0323_8.jpg,2
TE0323_9.jpg,2
TE0323_10.jpg,2
TE0323_11.jpg,2
TE0323_12.jpg,2
TE0323_13.jpg,2
TE0323_14.jpg,2
TE0323_15.jpg,2
TE0323_16.jpg,2
TE0323_17.jpg,2
TE0323_18.jpg,2
BO0191_1.jpg,1
BO0191_2.jpg,2
BO0191_3.jpg,2
BO0191_4.jpg,2
BO0191_5.jpg,2
BO0191_6.jpg,2
BO0191_7.jpg,2
BO0191_8.jpg,2
BO0191_9.jpg,2
BO0191_10.jpg,2
BO0191_11.jpg,2
BO0191_12.jpg,2
BO0191_13.jpg,2
HO0281_1.jpg,1
HO0281_2.jpg,2
HO0281_3.jpg,2
HO0281_4.jpg,2
HO0281_5.jpg,2
HO0281_6.jpg,2
HO0281_7.jpg,2
HO0281_8.jpg,2
HO0281_9.jpg,2
HO0281_10.jpg,2
HO0281_11.jpg,2
HO0281_12.jpg,2
HO0281_13.jpg,2
HO0281_14.jpg,2
HO0281_15.jpg,2
HO0281_16.jpg,2
HO0281_17.jpg,2
HO0281_18.jpg,2
HO0281_19.jpg,2
HO0281_20.jpg,2
HO0281_21.jpg,2
BE0224_1.jpg,1
BE0224_2.jpg,2
BE0224_3.jpg,2
BE0224_4.jpg,2
BE0224_5.jpg,2
BE0224_6.jpg,2
BE0224_7.jpg,2
BE0224_8.jpg,2
BE0224_9.jpg,2
BE0224_10.jpg,2
BE0224_11.jpg,2
BE0224_12.jpg,2
BE0224_13.jpg,2
BO0192_1.jpg,1
BO0192_2.jpg,2
BO0192_3.jpg,2
BO0192_4.jpg,2
BO0192_5.jpg,2
BO0192_6.jpg,2
BO0192_7.jpg,2
BO0192_8.jpg,2
BO0192_9.jpg,2
BO0192_10.jpg,2
BO0192_11.jpg,2
BO0192_12.jpg,2
BO0192_13.jpg,2
BO0192_14.jpg,2
BO0192_15.jpg,2
BO0192_16.jpg,2
BO0192_17.jpg,2
BO0192_18.jpg,2
BO0192_19.jpg,2
BO0192_20.jpg,2
BO0192_21.jpg,2
BO0192_22.jpg,2
BO0192_23.jpg,2
BO0192_24.jpg,2
VI0171_1.jpg,1
VI0171_2.jpg,2
VI0171_3.jpg,2
VI0171_4.jpg,2
VI0171_5.jpg,2
VI0171_6.jpg,2
VI0171_7.jpg,2
VI0171_8.jpg,2
VI0171_9.jpg,2
VI0171_10.jpg,2
VI0171_11.jpg,2
VI0171_12.jpg,2
VI0171_13.jpg,2
VI0171_14.jpg,2
VI0171_15.jpg,2
VI0171_16.jpg,2
VI0171_17.jpg,2
VI0171_18.jpg,2
VI0171_19.jpg,2
VI0171_20.jpg,2
VI0171_21.jpg,2
BE0225_1.jpg,1
BE0225_2.jpg,2
BE0225_3.jpg,2
BE0225_4.jpg,2
BE0225_5.jpg,2
BE0225_6.jpg,2
BE0225_7.jpg,2
BE0225_8.jpg,2
BE0225_9.jpg,2
BE0225_10.jpg,2
TE0284_1.jpg,1
TE0284_2.jpg,2
TE0284_3.jpg,2
TE0284_4.jpg,2
TE0284_5.jpg,2
TE0284_6.jpg,2
TE0284_7.jpg,2
TE0284_8.jpg,2
TE0284_9.jpg,2
TE0284_10.jpg,2
TE0284_11.jpg,2
TE0284_12.jpg,2
TE0284_13.jpg,2
TE0284_14.jpg,2
TE0284_15.jpg,2
TE0284_16.jpg,2
TE0284_17.jpg,2
TE0284_18.jpg,2
TE0284_19.jpg,2
TE0284_20.jpg,2
TE0284_21.jpg,2
TE0284_22.jpg,2
TE0284_23.jpg,2
TE0284_24.jpg,2
TE0284_25.jpg,2
TE0284_26.jpg,2
TE0286_1.jpg,1
TE0286_2.jpg,2
TE0286_3.jpg,2
TE0286_4.jpg,2
TE0286_5.jpg,2
TE0286_6.jpg,2
TE0286_7.jpg,2
TE0286_8.jpg,2
TE0286_9.jpg,2
TE0286_10.jpg,2
TE0286_11.jpg,2
TE0286_12.jpg,2
HE0212_1.jpg,1
HE0212_2.jpg,2
HE0212_3.jpg,2
HE0212_4.jpg,2
HE0212_5.jpg,2
HE0212_6.jpg,2
HE0212_7.jpg,2
HE0212_8.jpg,2
HE0212_9.jpg,2
HE0212_10.jpg,2
HE0212_11.jpg,2
HE0212_12.jpg,2
HE0212_13.jpg,2
HE0212_14.jpg,2
HE0212_15.jpg,2
HE0212_16.jpg,2
HE0212_17.jpg,2
TE0287_1.jpg,1
TE0287_2.jpg,2
TE0287_3.jpg,2
TE0287_4.jpg,2
TE0287_5.jpg,2
TE0287_6.jpg,2
TE0287_7.jpg,2
TE0287_8.jpg,2
TE0287_9.jpg,2
TE0287_10.jpg,2
TE0287_11.jpg,2
TE0287_12.jpg,2
TE0287_13.jpg,2
TE0287_14.jpg,2
TE0288_1.jpg,1
TE0288_2.jpg,2
TE0288_3.jpg,2
TE0288_4.jpg,2
TE0288_5.jpg,2
TE0288_6.jpg,2
TE0288_7.jpg,2
TE0288_8.jpg,2
TE0288_9.jpg,2
TE0288_10.jpg,2
TE0288_11.jpg,2
TE0288_12.jpg,2
TE0288_13.jpg,2
TE0288_14.jpg,2
HE0213_1.jpg,1
HE0213_2.jpg,2
HE0213_3.jpg,2
HE0213_4.jpg,2
HE0213_5.jpg,2
HE0213_6.jpg,2
HE0213_7.jpg,2
HE0213_8.jpg,2
HE0213_9.jpg,2
HE0213_10.jpg,2
HE0213_11.jpg,2
HE0213_12.jpg,2
HE0213_13.jpg,2
HE0214_1.jpg,1
HE0214_2.jpg,2
HE0214_3.jpg,2
HE0214_4.jpg,2
HE0214_5.jpg,2
HE0214_6.jpg,2
HE0214_7.jpg,2
HE0214_8.jpg,2
HE0214_9.jpg,2
HE0214_10.jpg,2
HE0214_11.jpg,2
HE0214_12.jpg,2
HE0214_13.jpg,2
HE0214_14.jpg,2
TE0289_1.jpg,1
TE0289_2.jpg,2
TE0289_3.jpg,2
TE0289_4.jpg,2
TE0289_5.jpg,2
TE0289_6.jpg,2
TE0289_7.jpg,2
TE0289_8.jpg,2
TE0289_9.jpg,2
TE0289_10.jpg,2
TE0289_11.jpg,2
TE0289_12.jpg,2
TE0289_13.jpg,2
TE0289_14.jpg,2
TE0290_1.jpg,1
TE0290_2.jpg,2
TE0290_3.jpg,2
TE0290_4.jpg,2
TE0290_5.jpg,2
TE0290_6.jpg,2
TE0290_7.jpg,2
TE0290_8.jpg,2
TE0290_9.jpg,2
TE0290_10.jpg,2
TE0290_11.jpg,2
TE0290_12.jpg,2
TE0290_13.jpg,2
TE0290_14.jpg,2
TE0290_15.jpg,2
HE0215_1.jpg,1
HE0215_2.jpg,2
HE0215_3.jpg,2
HE0215_4.jpg,2
HE0215_5.jpg,2
HE0215_6.jpg,2
HE0215_7.jpg,2
HE0215_8.jpg,2
HE0215_9.jpg,2
HE0215_10.jpg,2
TE0291_1.jpg,1
TE0291_2.jpg,2
TE0291_3.jpg,2
TE0291_4.jpg,2
TE0291_5.jpg,2
TE0292_1.jpg,1
TE0292_2.jpg,2
TE0292_3.jpg,2
TE0292_4.jpg,2
TE0292_5.jpg,2
TE0292_6.jpg,2
TE0292_7.jpg,2
TE0292_8.jpg,2
TE0292_9.jpg,2
TE0292_10.jpg,2
TE0292_11.jpg,2
TE0292_12.jpg,2
TE0292_13.jpg,2
TE0292_14.jpg,2
TE0292_15.jpg,2
TE0292_16.jpg,2
TE0292_17.jpg,2
TE0292_18.jpg,2
TE0292_19.jpg,2
TE0292_20.jpg,2
TE0292_21.jpg,2
HO0283_1.jpg,1
HO0283_2.jpg,2
HO0283_3.jpg,2
HO0283_4.jpg,2
HO0283_5.jpg,2
HO0283_6.jpg,2
HO0283_7.jpg,2
HO0283_8.jpg,2
HO0283_9.jpg,2
HO0283_10.jpg,2
HO0283_11.jpg,2
HO0283_12.jpg,2
TE0293_1.jpg,1
TE0293_2.jpg,2
TE0293_3.jpg,2
TE0293_4.jpg,2
TE0293_5.jpg,2
TE0293_6.jpg,2
TE0293_7.jpg,2
TE0293_8.jpg,2
TE0293_9.jpg,2
TE0293_10.jpg,2
TE0293_11.jpg,2
TE0293_12.jpg,2
TE0293_13.jpg,2
TE0293_14.jpg,2
TE0294_1.jpg,1
TE0294_2.jpg,2
TE0294_3.jpg,2
TE0294_4.jpg,2
TE0294_5.jpg,2
TE0294_6.jpg,2
TE0294_7.jpg,2
TE0294_8.jpg,2
TE0294_9.jpg,2
TE0294_10.jpg,2
TE0294_11.jpg,2
TE0294_12.jpg,2
TE0294_13.jpg,2
TE0295_1.jpg,1
TE0295_2.jpg,2
TE0295_3.jpg,2
TE0295_4.jpg,2
TE0295_5.jpg,2
TE0295_6.jpg,2
TE0295_7.jpg,2
TE0295_8.jpg,2
TE0295_9.jpg,2
ES0640_1.jpg,1
ES0640_2.jpg,2
ES0640_3.jpg,2
ES0640_4.jpg,2
ES0640_5.jpg,2
ES0641_1.jpg,1
ES0641_2.jpg,2
ES0641_3.jpg,2
ES0641_4.jpg,2
ES0642_1.jpg,1
ES0642_2.jpg,2
ES0642_3.jpg,2
ES0642_4.jpg,2
ES0642_5.jpg,2
ES0642_6.jpg,2
ES0642_7.jpg,2
ES0642_8.jpg,2
ES0642_9.jpg,2
ES0642_10.jpg,2
ES0642_11.jpg,2
ES0642_12.jpg,2
ES0642_13.jpg,2
ES0642_14.jpg,2
ES0642_15.jpg,2
ES0642_16.jpg,2
ES0643_1.jpg,1
ES0643_2.jpg,2
ES0643_3.jpg,2
ES0643_4.jpg,2
ES0643_5.jpg,2
ES0643_6.jpg,2
ES0643_7.jpg,2
ES0643_8.jpg,2
ES0643_9.jpg,2
ES0643_10.jpg,2
ES0643_11.jpg,2
ES0643_12.jpg,2
ES0643_13.jpg,2
ES0643_14.jpg,2
ES0643_15.jpg,2
ES0643_16.jpg,2
ES0643_17.jpg,2
TE0297_1.jpg,1
TE0297_2.jpg,2
TE0297_3.jpg,2
TE0297_4.jpg,2
TE0297_5.jpg,2
TE0297_6.jpg,2
TE0297_7.jpg,2
TE0297_8.jpg,2
TE0297_9.jpg,2
TE0297_10.jpg,2
TE0297_11.jpg,2
TE0297_12.jpg,2
TE0297_13.jpg,2
TE0297_14.jpg,2
TE0297_15.jpg,2
TE0297_16.jpg,2
TE0297_17.jpg,2
TE0298_1.jpg,1
TE0298_2.jpg,2
TE0298_3.jpg,2
TE0298_4.jpg,2
TE0298_5.jpg,2
TE0298_6.jpg,2
TE0298_7.jpg,2
TE0298_8.jpg,2
TE0298_9.jpg,2
TE0298_10.jpg,2
TE0298_11.jpg,2
TE0299_1.jpg,1
TE0299_2.jpg,2
TE0299_3.jpg,2
TE0299_4.jpg,2
TE0299_5.jpg,2
TE0299_6.jpg,2
TE0299_7.jpg,2
TE0299_8.jpg,2
TE0299_9.jpg,2
TE0299_10.jpg,2
TE0299_11.jpg,2
TE0299_12.jpg,2
TE0299_13.jpg,2
TE0299_14.jpg,2
TE0304_1.jpg,1
TE0304_2.jpg,2
TE0304_3.jpg,2
TE0304_4.jpg,2
TE0304_5.jpg,2
TE0305_1.jpg,1
TE0305_2.jpg,2
TE0305_3.jpg,2
TE0305_4.jpg,2
TE0305_5.jpg,2
TE0305_6.jpg,2
TE0305_7.jpg,2
TE0306_1.jpg,1
TE0306_2.jpg,2
TE0306_3.jpg,2
TE0306_4.jpg,2
TE0306_5.jpg,2
TE0307_1.jpg,1
TE0307_2.jpg,2
TE0307_3.jpg,2
TE0307_4.jpg,2
TE0307_5.jpg,2
TE0307_6.jpg,2
TE0307_7.jpg,2
TE0307_8.jpg,2
TE0307_9.jpg,2
TE0307_10.jpg,2
TE0308_1.jpg,1
TE0308_2.jpg,2
TE0308_3.jpg,2
TE0308_4.jpg,2
TE0308_5.jpg,2
TE0308_6.jpg,2
TE0308_7.jpg,2
TE0308_8.jpg,2
TE0308_9.jpg,2
TE0309_1.jpg,1
TE0309_2.jpg,2
TE0309_3.jpg,2
TE0309_4.jpg,2
TE0309_5.jpg,2
TE0310_1.jpg,1
TE0310_2.jpg,2
TE0310_3.jpg,2
TE0310_4.jpg,2
TE0310_5.jpg,2
TE0310_6.jpg,2
TE0311_1.jpg,1
TE0311_2.jpg,2
TE0311_3.jpg,2
TE0311_4.jpg,2
TE0311_5.jpg,2
TE0311_6.jpg,2
TE0311_7.jpg,2
TE0311_8.jpg,2
TE0311_9.jpg,2
TE0311_10.jpg,2
TE0311_11.jpg,2
TE0311_12.jpg,2
TE0312_1.jpg,1
TE0312_2.jpg,2
TE0312_3.jpg,2
TE0312_4.jpg,2
TE0312_5.jpg,2
TE0312_6.jpg,2
TE0312_7.jpg,2
TE0312_8.jpg,2
TE0312_9.jpg,2
TE0312_10.jpg,2
TE0312_11.jpg,2
TE0313_1.jpg,1
TE0313_2.jpg,2
TE0313_3.jpg,2
TE0313_4.jpg,2
TE0313_5.jpg,2
TE0313_6.jpg,2
TE0313_7.jpg,2
TE0313_8.jpg,2
TE0313_9.jpg,2
TE0313_10.jpg,2
TE0313_11.jpg,2
TE0314_1.jpg,1
TE0314_2.jpg,2
TE0314_3.jpg,2
TE0314_4.jpg,2
TE0314_5.jpg,2
TE0314_6.jpg,2
TE0314_7.jpg,2
TE0314_8.jpg,2
TE0314_9.jpg,2
TE0314_10.jpg,2
TE0314_11.jpg,2
TE0316_1.jpg,1
TE0316_2.jpg,2
TE0316_3.jpg,2
TE0316_4.jpg,2
TE0316_5.jpg,2
TE0316_6.jpg,2
TE0316_7.jpg,2
TE0316_8.jpg,2
TE0316_9.jpg,2
TE0316_10.jpg,2
TE0316_11.jpg,2
TE0316_12.jpg,2
TE0316_13.jpg,2
TE0316_14.jpg,2
TE0316_15.jpg,2
TE0316_16.jpg,2
TE0316_17.jpg,2
OF0445_1.jpg,1
OF0445_2.jpg,2
OF0445_3.jpg,2
OF0445_4.jpg,2
OF0445_5.jpg,2
OF0445_6.jpg,2
OF0445_7.jpg,2
OF0445_8.jpg,2
OF0445_9.jpg,2
OF0445_10.jpg,2
OF0445_11.jpg,2
OF0445_12.jpg,2
OF0445_13.jpg,2
OF0445_14.jpg,2
OF0446_1.jpg,1
OF0446_2.jpg,2
OF0446_3.jpg,2
OF0446_4.jpg,2
OF0446_5.jpg,2
OF0446_6.jpg,2
OF0446_7.jpg,2
OF0446_8.jpg,2
OF0446_9.jpg,2
OF0446_10.jpg,2
OF0446_11.jpg,2
OF0447_1.jpg,1
OF0447_2.jpg,2
OF0447_3.jpg,2
OF0447_4.jpg,2
OF0447_5.jpg,2
OF0447_6.jpg,2
OF0447_7.jpg,2
OF0447_8.jpg,2
OF0447_9.jpg,2
OF0447_10.jpg,2
OF0447_11.jpg,2
OF0448_1.jpg,1
OF0448_2.jpg,2
OF0448_3.jpg,2
OF0448_4.jpg,2
OF0448_5.jpg,2
OF0448_6.jpg,2
OF0448_7.jpg,2
OF0448_8.jpg,2
OF0448_9.jpg,2
OF0448_10.jpg,2
OF0448_11.jpg,2
OF0449_1.jpg,1
OF0449_2.jpg,2
OF0449_3.jpg,2
OF0449_4.jpg,2
OF0449_5.jpg,2
OF0450_1.jpg,1
OF0450_2.jpg,2
OF0450_3.jpg,2
OF0450_4.jpg,2
OF0450_5.jpg,2
OF0450_6.jpg,2
ES0644_1.jpg,1
ES0644_2.jpg,2
ES0644_3.jpg,2
ES0644_4.jpg,2
ES0644_5.jpg,2
ES0644_6.jpg,2
ES0644_7.jpg,2
ES0644_8.jpg,2
ES0644_9.jpg,2
ES0644_10.jpg,2
ES0644_11.jpg,2
ES0644_12.jpg,2
ES0644_13.jpg,2
ES0644_14.jpg,2
ES0644_15.jpg,2
ES0645_1.jpg,1
ES0645_2.jpg,2
ES0645_3.jpg,2
ES0645_4.jpg,2
ES0645_5.jpg,2
ES0645_6.jpg,2
ES0645_7.jpg,2
ES0645_8.jpg,2
ES0645_9.jpg,2
ES0646_1.jpg,1
ES0646_2.jpg,2
ES0646_3.jpg,2
ES0646_4.jpg,2
ES0646_5.jpg,2
ES0646_6.jpg,2
ES0646_7.jpg,2
ES0646_8.jpg,2
ES0646_9.jpg,2
ES0647_1.jpg,1
ES0647_2.jpg,2
ES0647_3.jpg,2
ES0647_4.jpg,2
ES0647_5.jpg,2
ES0647_6.jpg,2
ES0647_7.jpg,2
ES0647_8.jpg,2
ES0647_9.jpg,2
ES0647_10.jpg,2
ES0647_11.jpg,2
ES0647_12.jpg,2
ES0647_13.jpg,2
ES0647_14.jpg,2
ES0647_15.jpg,2
ES0647_16.jpg,2
ES0647_17.jpg,2
ES0647_18.jpg,2
ES0647_19.jpg,2
ES0647_20.jpg,2
ES0647_21.jpg,2
ES0647_22.jpg,2
ES0647_23.jpg,2
ES0647_24.jpg,2
ES0648_1.jpg,1
ES0648_2.jpg,2
ES0648_3.jpg,2
ES0648_4.jpg,2
ES0648_5.jpg,2
ES0648_6.jpg,2
ES0648_7.jpg,2
ES0648_8.jpg,2
ES0648_9.jpg,2
ES0649_1.jpg,1
ES0649_2.jpg,2
ES0649_3.jpg,2
ES0649_4.jpg,2
ES0649_5.jpg,2
ES0649_6.jpg,2
ES0649_7.jpg,2
ES0649_8.jpg,2
ES0649_9.jpg,2
ES0649_10.jpg,2
ES0649_11.jpg,2
ES0649_12.jpg,2
ES0649_13.jpg,2
ES0649_14.jpg,2
ES0649_15.jpg,2
ES0649_16.jpg,2
ES0649_17.jpg,2
ES0649_18.jpg,2
ES0649_19.jpg,2
BO0193_1.jpg,1
BO0193_2.jpg,2
BO0193_3.jpg,2
BO0193_4.jpg,2
BO0193_5.jpg,2
BO0193_6.jpg,2
BO0193_7.jpg,2
BO0193_8.jpg,2
BO0194_1.jpg,1
BO0194_2.jpg,2
BO0194_3.jpg,2
BO0194_4.jpg,2
BO0194_5.jpg,2
BO0194_6.jpg,2
BO0194_7.jpg,2
BO0194_8.jpg,2
BO0194_9.jpg,2
BO0194_10.jpg,2
BO0194_11.jpg,2
BO0194_12.jpg,2
BO0195_1.jpg,1
BO0195_2.jpg,2
BO0195_3.jpg,2
BO0195_4.jpg,2
BO0195_5.jpg,2
BO0195_6.jpg,2
BO0195_7.jpg,2
BO0195_8.jpg,2
BO0195_9.jpg,2
BO0195_10.jpg,2
BO0195_11.jpg,2
BO0196_1.jpg,1
BO0196_2.jpg,2
BO0196_3.jpg,2
BO0196_4.jpg,2
BO0196_5.jpg,2
BO0196_6.jpg,2
BO0196_7.jpg,2
BO0196_8.jpg,2
BO0196_9.jpg,2
BO0196_10.jpg,2
BO0197_1.jpg,1
BO0197_2.jpg,2
BO0197_3.jpg,2
BO0197_4.jpg,2
BO0197_5.jpg,2
BO0197_6.jpg,2
BO0198_1.jpg,1
BO0198_2.jpg,2
BO0198_3.jpg,2
BO0198_4.jpg,2
BO0198_5.jpg,2
BO0198_6.jpg,2
BO0198_7.jpg,2
BO0198_8.jpg,2
BO0198_9.jpg,2
BO0198_10.jpg,2
BO0198_11.jpg,2
BO0199_1.jpg,1
BO0199_2.jpg,2
BO0199_3.jpg,2
BO0199_4.jpg,2
BO0199_5.jpg,2
BO0199_6.jpg,2
BO0199_7.jpg,2
BO0199_8.jpg,2
BO0199_9.jpg,2
BO0199_10.jpg,2
BO0200_1.jpg,1
BO0200_2.jpg,2
BO0200_3.jpg,2
BO0200_4.jpg,2
BO0200_5.jpg,2
BO0200_6.jpg,2
BO0200_7.jpg,2
BO0200_8.jpg,2
BO0201_1.jpg,1
BO0201_2.jpg,2
BO0201_3.jpg,2
BO0201_4.jpg,2
BO0201_5.jpg,2
BO0201_6.jpg,2
BO0201_7.jpg,2
BO0201_8.jpg,2
BO0201_9.jpg,2
SA0198_1.jpg,1
SA0198_2.jpg,2
SA0198_3.jpg,2
SA0198_4.jpg,2
SA0198_5.jpg,2
SA0198_6.jpg,2
SA0198_7.jpg,2
SA0198_8.jpg,2
SA0198_9.jpg,2
SA0198_10.jpg,2
SA0198_11.jpg,2
SA0198_12.jpg,2
SA0198_13.jpg,2
SA0198_14.jpg,2
SA0198_15.jpg,2
SA0198_16.jpg,2
SA0198_17.jpg,2
TE0317_1.jpg,1
TE0317_2.jpg,2
TE0317_3.jpg,2
TE0317_4.jpg,2
TE0317_5.jpg,2
TE0317_6.jpg,2
TE0317_7.jpg,2
TE0317_8.jpg,2
TE0317_9.jpg,2
TE0317_10.jpg,2
TE0317_11.jpg,2
TE0317_12.jpg,2
TE0317_13.jpg,2
TE0317_14.jpg,2
TE0317_15.jpg,2
TE0317_16.jpg,2
TE0317_17.jpg,2
TE0317_18.jpg,2
TE0317_19.jpg,2
TE0317_20.jpg,2
TE0317_21.jpg,2
TE0317_22.jpg,2
TE0317_23.jpg,2
TE0318_1.jpg,1
TE0318_2.jpg,2
TE0318_3.jpg,2
TE0318_4.jpg,2
TE0318_5.jpg,2
TE0318_6.jpg,2
TE0318_7.jpg,2
TE0318_8.jpg,2
TE0318_9.jpg,2
TE0318_10.jpg,2
TE0318_11.jpg,2
TE0318_12.jpg,2
TE0318_13.jpg,2
TE0318_14.jpg,2
BO0203_1.jpg,1
BO0203_2.jpg,2
BO0203_3.jpg,2
BO0203_4.jpg,2
BO0203_5.jpg,2
BO0203_6.jpg,2
BO0203_7.jpg,2
BO0203_8.jpg,2
BO0203_9.jpg,2
BO0203_10.jpg,2
BO0203_11.jpg,2
BO0203_12.jpg,2
BO0203_13.jpg,2
BO0203_14.jpg,2
BO0204_1.jpg,1
BO0204_2.jpg,2
BO0204_3.jpg,2
BO0204_4.jpg,2
BO0204_5.jpg,2
BO0204_6.jpg,2
BO0204_7.jpg,2
BO0204_8.jpg,2
BO0204_9.jpg,2
BO0204_10.jpg,2
BO0204_11.jpg,2
BO0204_12.jpg,2
BO0204_13.jpg,2
BO0204_14.jpg,2
BO0205_1.jpg,1
BO0205_2.jpg,2
BO0205_3.jpg,2
BO0205_4.jpg,2
BO0205_5.jpg,2
BO0205_6.jpg,2
BO0205_7.jpg,2
BO0205_8.jpg,2
BO0205_9.jpg,2
BO0205_10.jpg,2
BO0205_11.jpg,2
BO0205_12.jpg,2
BO0205_13.jpg,2
BO0205_14.jpg,2
BO0205_15.jpg,2
BO0205_16.jpg,2
BO0205_17.jpg,2
BO0205_18.jpg,2
BO0205_19.jpg,2
BO0205_20.jpg,2
BO0205_21.jpg,2
BO0205_22.jpg,2
BO0205_23.jpg,2
BO0205_24.jpg,2
BO0205_25.jpg,2
BO0205_26.jpg,2
BO0205_27.jpg,2
BO0205_28.jpg,2
BO0206_1.jpg,1
BO0206_2.jpg,2
BO0206_3.jpg,2
BO0206_4.jpg,2
BO0206_5.jpg,2
BO0206_6.jpg,2
BO0206_7.jpg,2
BO0206_8.jpg,2
BO0206_9.jpg,2
BO0206_10.jpg,2
HE0217_1.jpg,1
HE0217_2.jpg,2
HE0217_3.jpg,2
HE0217_4.jpg,2
HE0217_5.jpg,2
HE0217_6.jpg,2
HE0217_7.jpg,2
HE0217_8.jpg,2
HE0217_9.jpg,2
HE0217_10.jpg,2
HE0217_11.jpg,2
HE0217_12.jpg,2
HE0217_13.jpg,2
HE0218_1.jpg,1
HE0218_2.jpg,2
HE0218_3.jpg,2
HE0218_4.jpg,2
HE0218_5.jpg,2
HE0218_6.jpg,2
HE0218_7.jpg,2
HE0218_8.jpg,2
HE0218_9.jpg,2
HE0218_10.jpg,2
HE0218_11.jpg,2
HE0218_12.jpg,2
HE0219_1.jpg,1
HE0219_2.jpg,2
HE0219_3.jpg,2
HE0219_4.jpg,2
HE0219_5.jpg,2
HE0219_6.jpg,2
HE0219_7.jpg,2
HE0219_8.jpg,2
HE0219_9.jpg,2
HE0219_10.jpg,2
HE0219_11.jpg,2
HE0220_1.jpg,1
HE0220_2.jpg,2
HE0220_3.jpg,2
HE0220_4.jpg,2
HE0220_5.jpg,2
HE0220_6.jpg,2
HE0220_7.jpg,2
HE0220_8.jpg,2
HE0220_9.jpg,2
TE0319_1.jpg,1
TE0319_2.jpg,2
TE0319_3.jpg,2
TE0319_4.jpg,2
TE0319_5.jpg,2
TE0319_6.jpg,2
TE0319_7.jpg,2
TE0319_8.jpg,2
TE0319_9.jpg,2
TE0319_10.jpg,2
TE0319_11.jpg,2
TE0319_12.jpg,2
TE0319_13.jpg,2
TE0319_14.jpg,2
TE0319_15.jpg,2
TE0320_1.jpg,1
TE0320_2.jpg,2
TE0320_3.jpg,2
TE0320_4.jpg,2
TE0320_5.jpg,2
TE0320_6.jpg,2
TE0320_7.jpg,2
TE0320_8.jpg,2
TE0320_9.jpg,2
TE0320_10.jpg,2
TE0320_11.jpg,2
TE0320_12.jpg,2
TE0320_13.jpg,2
TE0320_14.jpg,2
TE0321_1.jpg,1
TE0321_2.jpg,2
TE0321_3.jpg,2
TE0321_4.jpg,2
TE0321_5.jpg,2
TE0321_6.jpg,2
TE0321_7.jpg,2
TE0321_8.jpg,2
TE0321_9.jpg,2
TE0321_10.jpg,2
TE0321_11.jpg,2
TE0321_12.jpg,2
TE0321_13.jpg,2
TE0321_14.jpg,2
TE0321_15.jpg,2
ES0650_1.jpg,1
ES0650_2.jpg,2
ES0650_3.jpg,2
ES0650_4.jpg,2
ES0650_5.jpg,2
ES0650_6.jpg,2
ES0650_7.jpg,2
ES0650_8.jpg,2
ES0650_9.jpg,2
ES0650_10.jpg,2
ES0650_11.jpg,2
ES0650_12.jpg,2
ES0650_13.jpg,2
ES0650_14.jpg,2
ES0650_15.jpg,2
ES0650_16.jpg,2
ES0650_17.jpg,2
ES0650_18.jpg,2
ES0650_19.jpg,2
ES0650_20.jpg,2
ES0650_21.jpg,2
ES0651_1.jpg,1
ES0651_2.jpg,2
ES0651_3.jpg,2
ES0651_4.jpg,2
ES0651_5.jpg,2
ES0651_6.jpg,2
ES0651_7.jpg,2
ES0651_8.jpg,2
ES0651_9.jpg,2
ES0651_10.jpg,2
ES0651_11.jpg,2
ES0651_12.jpg,2
ES0651_13.jpg,2
ES0651_14.jpg,2
ES0651_15.jpg,2
ES0651_16.jpg,2
ES0651_17.jpg,2
ES0651_18.jpg,2
ES0651_19.jpg,2
ES0651_20.jpg,2
ES0651_21.jpg,2
ES0651_22.jpg,2
ES0651_23.jpg,2
ES0651_24.jpg,2
ES0651_25.jpg,2
ES0651_26.jpg,2
ES0651_27.jpg,2
ES0651_28.jpg,2
ES0651_29.jpg,2
ES0651_30.jpg,2
ES0651_31.jpg,2
ES0651_32.jpg,2
ES0651_33.jpg,2
ES0651_34.jpg,2
ES0651_35.jpg,2
ES0651_36.jpg,2
ES0652_1.jpg,1
ES0652_2.jpg,2
ES0652_3.jpg,2
ES0652_4.jpg,2
ES0652_5.jpg,2
ES0652_6.jpg,2
ES0652_7.jpg,2
ES0652_8.jpg,2
ES0652_9.jpg,2
ES0652_10.jpg,2
ES0652_11.jpg,2
ES0652_12.jpg,2
ES0652_13.jpg,2
ES0652_14.jpg,2
ES0652_15.jpg,2
ES0652_16.jpg,2
ES0652_17.jpg,2
ES0652_18.jpg,2
ES0652_19.jpg,2
ES0652_20.jpg,2
ES0652_21.jpg,2
ES0653_1.jpg,1
ES0653_2.jpg,2
ES0653_3.jpg,2
ES0653_4.jpg,2
ES0653_5.jpg,2
ES0653_6.jpg,2
ES0653_7.jpg,2
ES0653_8.jpg,2
ES0653_9.jpg,2
ES0653_10.jpg,2
ES0653_11.jpg,2
ES0653_12.jpg,2
ES0653_13.jpg,2
ES0653_14.jpg,2
ES0653_15.jpg,2
ES0653_16.jpg,2
ES0654_1.jpg,1
ES0654_2.jpg,2
ES0654_3.jpg,2
ES0654_4.jpg,2
ES0654_5.jpg,2
ES0654_6.jpg,2
ES0654_7.jpg,2
ES0654_8.jpg,2
ES0654_9.jpg,2
ES0654_10.jpg,2
ES0654_11.jpg,2
ES0654_12.jpg,2
ES0654_13.jpg,2
ES0654_14.jpg,2
ES0654_15.jpg,2
ES0654_16.jpg,2
ES0654_17.jpg,2
ES0654_18.jpg,2
VI0172_1.jpg,1
VI0172_2.jpg,2
VI0172_3.jpg,2
VI0172_4.jpg,2
VI0172_5.jpg,2
VI0172_6.jpg,2
VI0172_7.jpg,2
VI0172_8.jpg,2
VI0172_9.jpg,2
VI0172_10.jpg,2
VI0172_11.jpg,2
VI0172_12.jpg,2
VI0172_13.jpg,2
VI0172_14.jpg,2
VI0172_15.jpg,2
VI0172_16.jpg,2
VI0172_17.jpg,2
BE0226_1.jpg,1
BE0226_2.jpg,2
BE0226_3.jpg,2
BE0226_4.jpg,2
BE0226_5.jpg,2
BE0226_6.jpg,2
BE0226_7.jpg,2
BE0226_8.jpg,2
BE0226_9.jpg,2
BE0226_10.jpg,2
BE0226_11.jpg,2
BE0226_12.jpg,2
BE0226_13.jpg,2
BE0226_14.jpg,2
BE0226_15.jpg,2
BE0226_16.jpg,2
BE0227_1.jpg,1
BE0227_2.jpg,2
BE0227_3.jpg,2
BE0227_4.jpg,2
BE0227_5.jpg,2
BE0227_6.jpg,2
BE0227_7.jpg,2
BE0227_8.jpg,2
BE0227_9.jpg,2
BE0227_10.jpg,2
BE0227_11.jpg,2
BE0227_12.jpg,2
BE0227_13.jpg,2
OF0451_1.jpg,1
OF0451_2.jpg,2
OF0451_3.jpg,2
OF0451_4.jpg,2
OF0451_5.jpg,2
OF0451_6.jpg,2
OF0451_7.jpg,2
OF0451_8.jpg,2
OF0451_9.jpg,2
OF0451_10.jpg,2
OF0451_11.jpg,2
BO0193_1.jpg,1
BO0193_2.jpg,2
BO0193_3.jpg,2
BO0198_1.jpg,1
BO0198_2.jpg,2
BO0198_3.jpg,2
VI0173_1.jpg,1
VI0173_2.jpg,2
VI0173_3.jpg,2
VI0173_4.jpg,2
VI0173_5.jpg,2
VI0173_6.jpg,2
VI0173_7.jpg,2
VI0173_8.jpg,2
VI0173_9.jpg,2
VI0173_10.jpg,2
VI0173_11.jpg,2
VI0173_12.jpg,2
VI0173_13.jpg,2
VI0173_14.jpg,2
VI0173_15.jpg,2
VI0173_16.jpg,2
VI0173_17.jpg,2
BE0228_1.jpg,1
BE0228_2.jpg,2
BE0228_3.jpg,2
BE0228_4.jpg,2
BE0228_5.jpg,2
BE0228_6.jpg,2
BE0228_7.jpg,2
BE0228_8.jpg,2
BE0228_9.jpg,2
BE0228_10.jpg,2
BE0228_11.jpg,2
BE0228_12.jpg,2
BE0228_13.jpg,2
BE0228_14.jpg,2
ES0655_1.jpg,1
ES0655_2.jpg,2
ES0655_3.jpg,2
ES0655_4.jpg,2
ES0655_5.jpg,2
ES0655_6.jpg,2
ES0655_7.jpg,2
ES0655_8.jpg,2
ES0655_9.jpg,2
ES0655_10.jpg,2
ES0655_11.jpg,2
ES0655_12.jpg,2
